lat,lon,alt,date,device,os,version
42.3523902893,-71.0898513794,9.06949901581,2017-01-31 17:31:44,"iPhone8,2",10.2,1.1
42.3517990112,-71.0895767212,9.00663661957,2017-01-31 18:08:00,"iPhone8,2",10.2,1.1
42.3625526428,-71.0860671997,9.0044298172,2017-01-31 23:08:48,"iPhone8,2",10.2,1.1
42.3621673584,-71.0790176392,5.3660569191,2017-01-31 23:17:20,"iPhone8,2",10.2,1.1
42.3564949036,-71.0626373291,17.2540149689,2017-01-31 23:21:36,"iPhone8,2",10.2,1.1
42.3325233459,-71.0570068359,9.20475769043,2017-01-31 23:28:00,"iPhone8,2",10.2,1.1
42.3133811951,-71.0519866943,5.78098869324,2017-01-31 23:32:16,"iPhone8,2",10.2,1.1
42.2810935974,-71.0349273682,8.22432422638,2017-01-31 23:38:40,"iPhone8,2",10.2,1.1
42.2575683594,-71.010597229,8.61632061005,2017-01-31 23:42:56,"iPhone8,2",10.2,1.1
42.2286911011,-71.0099487305,30,2017-01-31 23:49:20,"iPhone8,2",10.2,1.1
42.2117462158,-71.001159668,27.9410133362,2017-01-31 23:55:44,"iPhone8,2",10.2,1.1
42.2014923096,-70.9780349731,25.5184631348,2017-02-01 00:02:08,"iPhone8,2",10.2,1.1
42.2004966736,-70.9476165771,22.4584980011,2017-02-01 00:08:32,"iPhone8,2",10.2,1.1
42.2157478333,-70.9300308228,29.0413513184,2017-02-01 00:12:48,"iPhone8,2",10.2,1.1
42.2176132202,-70.9367523193,24.778093338,2017-02-01 11:46:08,"iPhone8,2",10.2,1.1
42.2383499146,-70.9445571899,19,2017-02-01 11:52:32,"iPhone8,2",10.2,1.1
42.2454185486,-70.9717178345,22,2017-02-01 11:58:56,"iPhone8,2",10.2,1.1
42.2485580444,-70.9843521118,17.6147689819,2017-02-01 12:03:12,"iPhone8,2",10.2,1.1
42.2516021729,-71.0022277832,10.2261228561,2017-02-01 12:09:36,"iPhone8,2",10.2,1.1
42.2624435425,-71.0163803101,14.4157581329,2017-02-01 12:16:00,"iPhone8,2",10.2,1.1
42.3209915161,-71.0539932251,5.02037000656,2017-02-01 12:30:56,"iPhone8,2",10.2,1.1
42.3421440125,-71.0564041138,9.94561862946,2017-02-01 12:37:20,"iPhone8,2",10.2,1.1
42.3564109802,-71.0625152588,17.1035747528,2017-02-01 12:43:44,"iPhone8,2",10.2,1.1
42.3624000549,-71.0855789185,5.18243598938,2017-02-01 12:48:00,"iPhone8,2",10.2,1.1
42.3613166809,-71.0863189697,8.89763355255,2017-02-01 14:36:48,"iPhone8,2",10.2,1.1
42.3676071167,-71.1159439087,6.22963619232,2017-02-01 20:43:44,"iPhone8,2",10.2,1.1
42.3596115112,-71.0680160522,6.0007147789,2017-02-01 20:54:24,"iPhone8,2",10.2,1.1
42.352230072,-71.0725250244,8.79902172089,2017-02-01 21:00:48,"iPhone8,2",10.2,1.1
42.3526420593,-71.0645828247,7.96983861923,2017-02-01 22:32:32,"iPhone8,2",10.2,1.1
42.3526039124,-71.05519104,7.13504219055,2017-02-01 22:43:12,"iPhone8,2",10.2,1.1
42.3319587708,-71.0566101074,7.13504219055,2017-02-01 22:49:36,"iPhone8,2",10.2,1.1
42.3154067993,-71.0514221191,7.73363208771,2017-02-01 22:53:52,"iPhone8,2",10.2,1.1
42.2679367065,-71.0220947266,8.87280750275,2017-02-01 23:02:24,"iPhone8,2",10.2,1.1
42.2517967224,-71.0045928955,9,2017-02-01 23:06:40,"iPhone8,2",10.2,1.1
42.2503623962,-70.998840332,8.33800125122,2017-02-01 23:21:36,"iPhone8,2",10.2,1.1
42.2475013733,-70.9802017212,9.81827259064,2017-02-01 23:28:00,"iPhone8,2",10.2,1.1
42.2238540649,-70.9396133423,21.6479988098,2017-02-01 23:36:32,"iPhone8,2",10.2,1.1
42.215587616,-70.9303588867,31.2594337463,2017-02-01 23:42:56,"iPhone8,2",10.2,1.1
42.2156982422,-70.9303207397,31.538860321,2017-02-02 03:05:36,"iPhone8,2",10.2,1.1
42.2203407288,-70.9577865601,27.0948219299,2017-02-02 11:35:28,"iPhone8,2",10.2,1.1
42.2441329956,-71.0297927856,22.5224494934,2017-02-02 11:41:52,"iPhone8,2",10.2,1.1
42.3090934753,-71.0534896851,6.69623994827,2017-02-02 11:52:32,"iPhone8,2",10.2,1.1
42.3586235046,-71.0887680054,5.93283891678,2017-02-02 12:09:36,"iPhone8,2",10.2,1.1
42.36277771,-71.0858459473,9,2017-02-02 14:06:56,"iPhone8,2",10.2,1.1
42.3609085083,-71.0872344971,9.03477954865,2017-02-02 14:53:52,"iPhone8,2",10.2,1.1
42.3566207886,-71.0630111694,17.8226146698,2017-02-02 20:48:00,"iPhone8,2",10.2,1.1
42.3525543213,-71.0552139282,7.17459583282,2017-02-02 20:52:16,"iPhone8,2",10.2,1.1
42.3522567749,-71.054901123,9.31387901306,2017-02-02 21:17:52,"iPhone8,2",10.2,1.1
42.3482284546,-71.0597076416,7.41367912292,2017-02-02 22:04:48,"iPhone8,2",10.2,1.1
42.3564453125,-71.1311798096,9.74266052246,2017-02-02 22:11:12,"iPhone8,2",10.2,1.1
42.3581161499,-71.1713562012,12.9986343384,2017-02-02 22:19:44,"iPhone8,2",10.2,1.1
42.3552322388,-71.1888885498,16.7557067871,2017-02-02 22:36:48,"iPhone8,2",10.2,1.1
42.3288421631,-71.3217697144,16.7557067871,2017-02-02 22:41:04,"iPhone8,2",10.2,1.1
42.3148460388,-71.3716506958,16.7557067871,2017-02-02 22:47:28,"iPhone8,2",10.2,1.1
42.3072891235,-71.4349594116,16.7557067871,2017-02-02 22:51:44,"iPhone8,2",10.2,1.1
42.2839241028,-71.5040588379,16.7557067871,2017-02-02 22:56:00,"iPhone8,2",10.2,1.1
42.2717323303,-71.5423202515,16.7557067871,2017-02-02 23:02:24,"iPhone8,2",10.2,1.1
42.2236328125,-71.7016067505,16.7557067871,2017-02-02 23:06:40,"iPhone8,2",10.2,1.1
42.2055969238,-71.8063430786,155.493347168,2017-02-02 23:10:56,"iPhone8,2",10.2,1.1
42.1745376587,-71.9200134277,158.504592896,2017-02-02 23:17:20,"iPhone8,2",10.2,1.1
42.140953064,-72.0225830078,158.504592896,2017-02-02 23:23:44,"iPhone8,2",10.2,1.1
42.1140365601,-72.072517395,158.504592896,2017-02-02 23:28:00,"iPhone8,2",10.2,1.1
42.0198020935,-72.1503448486,158.504592896,2017-02-02 23:32:16,"iPhone8,2",10.2,1.1
41.940788269,-72.2234725952,235.665161133,2017-02-02 23:38:40,"iPhone8,2",10.2,1.1
41.8970031738,-72.2975997925,242.521972656,2017-02-02 23:45:04,"iPhone8,2",10.2,1.1
41.8531036377,-72.416595459,171.627883911,2017-02-02 23:49:20,"iPhone8,2",10.2,1.1
41.820980072,-72.5018997192,171.627883911,2017-02-02 23:55:44,"iPhone8,2",10.2,1.1
41.8104171753,-72.5146255493,56.5543823242,2017-02-03 00:00:00,"iPhone8,2",10.2,1.1
41.8116531372,-72.5253143311,59.969291687,2017-02-03 00:32:00,"iPhone8,2",10.2,1.1
41.7838935852,-72.5806884766,59.969291687,2017-02-03 00:38:24,"iPhone8,2",10.2,1.1
41.7395210266,-72.6538925171,59.969291687,2017-02-03 00:42:40,"iPhone8,2",10.2,1.1
41.6380386353,-72.6826019287,47.6919174194,2017-02-03 00:49:04,"iPhone8,2",10.2,1.1
41.5458183289,-72.7493591309,110.439178467,2017-02-03 00:55:28,"iPhone8,2",10.2,1.1
41.4761924744,-72.773475647,110.439178467,2017-02-03 01:01:52,"iPhone8,2",10.2,1.1
41.4109077454,-72.8313522339,86.078918457,2017-02-03 01:06:08,"iPhone8,2",10.2,1.1
41.3260879517,-72.8902587891,9.3178319931,2017-02-03 01:12:32,"iPhone8,2",10.2,1.1
41.2561607361,-72.9912414551,6,2017-02-03 01:21:04,"iPhone8,2",10.2,1.1
41.2246208191,-73.0790634155,15.126666069,2017-02-03 01:27:28,"iPhone8,2",10.2,1.1
41.17552948,-73.1673660278,12.3912830353,2017-02-03 01:31:44,"iPhone8,2",10.2,1.1
41.149394989,-73.2510452271,7.99868488312,2017-02-03 01:36:00,"iPhone8,2",10.2,1.1
41.1099472046,-73.4086837769,7.99868488312,2017-02-03 01:46:40,"iPhone8,2",10.2,1.1
41.0701332092,-73.5057907104,36.3108177185,2017-02-03 01:50:56,"iPhone8,2",10.2,1.1
41.0168418884,-73.6364822388,11.4335403442,2017-02-03 01:59:28,"iPhone8,2",10.2,1.1
40.9753570557,-73.7160568237,23.9474582672,2017-02-03 02:03:44,"iPhone8,2",10.2,1.1
40.922416687,-73.775062561,18.9909229279,2017-02-03 02:08:00,"iPhone8,2",10.2,1.1
40.874835968,-73.8348617554,15.4035358429,2017-02-03 02:14:24,"iPhone8,2",10.2,1.1
40.8264846802,-73.8561706543,9.31517314911,2017-02-03 02:18:40,"iPhone8,2",10.2,1.1
40.7976379395,-73.9199676514,20.6587924957,2017-02-03 02:22:56,"iPhone8,2",10.2,1.1
40.7624893188,-73.9022598267,5.92013549805,2017-02-03 02:29:20,"iPhone8,2",10.2,1.1
40.7280006409,-73.9288253784,39.8658752441,2017-02-03 02:33:36,"iPhone8,2",10.2,1.1
40.6960525513,-73.983833313,15.2113046646,2017-02-03 02:42:08,"iPhone8,2",10.2,1.1
40.7154083252,-73.9931945801,15.2113046646,2017-02-03 02:46:24,"iPhone8,2",10.2,1.1
40.7097320557,-73.9922027588,13.1704397202,2017-02-03 02:50:40,"iPhone8,2",10.2,1.1
40.6795463562,-74.0043563843,13.9006061554,2017-02-03 02:59:12,"iPhone8,2",10.2,1.1
40.6642379761,-73.9919128418,31.2781524658,2017-02-03 03:05:36,"iPhone8,2",10.2,1.1
40.664226532,-73.991569519,30.9006214142,2017-02-03 12:45:52,"iPhone8,2",10.2,1.1
40.6822662354,-73.9909210205,26.9906196594,2017-02-03 13:02:56,"iPhone8,2",10.2,1.1
40.6808662415,-73.9965896606,30.205493927,2017-02-03 14:26:08,"iPhone8,2",10.2,1.1
40.6763076782,-73.998664856,31.9566230774,2017-02-03 14:34:40,"iPhone8,2",10.2,1.1
40.672203064,-73.992767334,28.5381736755,2017-02-03 15:08:48,"iPhone8,2",10.2,1.1
40.6685409546,-73.9869003296,32.8123130798,2017-02-03 15:21:36,"iPhone8,2",10.2,1.1
40.66431427,-73.9915771484,30.8465232849,2017-02-03 15:42:56,"iPhone8,2",10.2,1.1
40.6685066223,-73.9964065552,9.72621536255,2017-02-04 16:34:08,"iPhone8,2",10.2,1.1
40.7008552551,-73.9982681274,5.90879011154,2017-02-04 16:42:40,"iPhone8,2",10.2,1.1
40.7398529053,-73.8965148926,13.0882997513,2017-02-04 16:53:20,"iPhone8,2",10.2,1.1
40.7496185303,-73.8864135742,22.3886508942,2017-02-04 16:57:36,"iPhone8,2",10.2,1.1
40.7487754822,-73.8931274414,23,2017-02-04 17:08:16,"iPhone8,2",10.2,1.1
40.7523345947,-73.8852844238,21.21616745,2017-02-04 18:03:44,"iPhone8,2",10.2,1.1
40.7489967346,-73.8912506104,23.2149562836,2017-02-04 18:42:08,"iPhone8,2",10.2,1.1
40.7492485046,-73.8974075317,14.2449636459,2017-02-04 20:33:04,"iPhone8,2",10.2,1.1
40.7522697449,-73.9285583496,8.07975959778,2017-02-04 20:37:20,"iPhone8,2",10.2,1.1
40.7542152405,-73.9643478394,8.93507766724,2017-02-04 20:45:52,"iPhone8,2",10.2,1.1
40.7588005066,-73.9723510742,24.9481182098,2017-02-04 21:00:48,"iPhone8,2",10.2,1.1
40.7612533569,-73.9775085449,25,2017-02-04 21:13:36,"iPhone8,2",10.2,1.1
40.7622718811,-73.9861755371,22.2949008942,2017-02-04 22:32:32,"iPhone8,2",10.2,1.1
40.7353897095,-74.0010452271,17.7406272888,2017-02-04 22:43:12,"iPhone8,2",10.2,1.1
40.7237930298,-74.0005264282,10.8119735718,2017-02-04 22:53:52,"iPhone8,2",10.2,1.1
40.7211761475,-73.9944076538,14,2017-02-04 23:13:04,"iPhone8,2",10.2,1.1
40.7038764954,-73.9887313843,24.0668430328,2017-02-05 01:46:40,"iPhone8,2",10.2,1.1
40.6880760193,-73.9994354248,33,2017-02-05 01:53:04,"iPhone8,2",10.2,1.1
40.6641464233,-73.9916534424,31.4703903198,2017-02-05 02:03:44,"iPhone8,2",10.2,1.1
40.6643447876,-73.9914932251,29.4481201172,2017-02-05 13:49:52,"iPhone8,2",10.2,1.1
40.6703796387,-73.9885177612,31.3525676727,2017-02-05 18:37:52,"iPhone8,2",10.2,1.1
40.6812438965,-73.9954986572,33,2017-02-05 18:52:48,"iPhone8,2",10.2,1.1
40.6762199402,-73.9988174438,24.4757785797,2017-02-05 20:45:52,"iPhone8,2",10.2,1.1
40.6659126282,-73.9947052002,23.975894928,2017-02-05 21:07:12,"iPhone8,2",10.2,1.1
40.6642303467,-73.9915542603,30.9603462219,2017-02-06 13:26:24,"iPhone8,2",10.2,1.1
40.6703796387,-73.9885253906,30.1892147064,2017-02-06 14:26:08,"iPhone8,2",10.2,1.1
40.677028656,-73.983253479,20.2101097107,2017-02-06 14:32:32,"iPhone8,2",10.2,1.1
40.70129776,-73.9867477417,29.3975028992,2017-02-06 14:41:04,"iPhone8,2",10.2,1.1
40.7486190796,-73.9884719849,16.2296047211,2017-02-06 14:53:52,"iPhone8,2",10.2,1.1
40.7593650818,-73.9815673828,20.6469306946,2017-02-06 15:00:16,"iPhone8,2",10.2,1.1
40.7633056641,-73.9782562256,26.8089408875,2017-02-06 15:42:56,"iPhone8,2",10.2,1.1
40.7623596191,-73.9788513184,27.9656181335,2017-02-06 15:51:28,"iPhone8,2",10.2,1.1
40.757484436,-73.9783859253,27.9534626007,2017-02-06 16:00:00,"iPhone8,2",10.2,1.1
40.7529945374,-73.981338501,28.1316661835,2017-02-06 16:51:12,"iPhone8,2",10.2,1.1
40.7201156616,-74.0020370483,18.0149745941,2017-02-06 20:58:40,"iPhone8,2",10.2,1.1
40.7076644897,-74.0119476318,12.0515670776,2017-02-06 21:02:56,"iPhone8,2",10.2,1.1
40.7028884888,-74.0127792358,3.17496776581,2017-02-06 22:43:12,"iPhone8,2",10.2,1.1
40.6938781738,-73.9912643433,45.2819252014,2017-02-06 22:49:36,"iPhone8,2",10.2,1.1
40.6771316528,-73.9831695557,20.4023265839,2017-02-06 23:00:16,"iPhone8,2",10.2,1.1
40.6651229858,-73.9932403564,27.4377326965,2017-02-06 23:04:32,"iPhone8,2",10.2,1.1
40.6604995728,-73.9977874756,19.4906234741,2017-02-07 11:29:04,"iPhone8,2",10.2,1.1
40.6703872681,-73.98853302,23.5892505646,2017-02-07 11:33:20,"iPhone8,2",10.2,1.1
40.6798973083,-73.9951782227,31.709941864,2017-02-07 11:37:36,"iPhone8,2",10.2,1.1
40.6762886047,-73.9987640381,25.1569709778,2017-02-07 13:30:40,"iPhone8,2",10.2,1.1
40.6866073608,-73.9904556274,26.4473686218,2017-02-07 15:08:48,"iPhone8,2",10.2,1.1
40.7130813599,-73.9901351929,8.6261100769,2017-02-07 15:15:12,"iPhone8,2",10.2,1.1
40.7306632996,-74.002494812,12.8237028122,2017-02-07 15:23:44,"iPhone8,2",10.2,1.1
40.7489814758,-73.9882202148,16.971572876,2017-02-07 15:30:08,"iPhone8,2",10.2,1.1
40.7510147095,-73.9915771484,14.6088752747,2017-02-07 15:38:40,"iPhone8,2",10.2,1.1
40.7534561157,-73.9817047119,24.6676063538,2017-02-07 16:12:48,"iPhone8,2",10.2,1.1
40.7402915955,-73.9905090332,17.4073734283,2017-02-07 20:45:52,"iPhone8,2",10.2,1.1
40.7285804749,-73.998550415,14,2017-02-07 20:56:32,"iPhone8,2",10.2,1.1
40.7414855957,-73.9938278198,14,2017-02-07 22:02:40,"iPhone8,2",10.2,1.1
40.7486534119,-73.9884567261,18.6432132721,2017-02-07 22:09:04,"iPhone8,2",10.2,1.1
40.7503509521,-73.994140625,13.9311571121,2017-02-07 22:15:28,"iPhone8,2",10.2,1.1
40.7411155701,-73.9976882935,14,2017-02-07 22:26:08,"iPhone8,2",10.2,1.1
40.709602356,-74.0064926147,12.9899568558,2017-02-07 22:34:40,"iPhone8,2",10.2,1.1
40.6937904358,-73.9937820435,12.9899568558,2017-02-07 22:41:04,"iPhone8,2",10.2,1.1
40.6848831177,-73.9777984619,28.6081142426,2017-02-07 22:47:28,"iPhone8,2",10.2,1.1
40.6806602478,-73.9810028076,33,2017-02-07 23:06:40,"iPhone8,2",10.2,1.1
40.6640853882,-73.9918212891,32.9887504578,2017-02-08 01:29:36,"iPhone8,2",10.2,1.1
40.6702041626,-73.9886932373,31.0478534698,2017-02-08 12:50:08,"iPhone8,2",10.2,1.1
40.6746520996,-73.9939727783,23.8665618896,2017-02-08 12:56:32,"iPhone8,2",10.2,1.1
40.681438446,-73.9958267212,24.3063373566,2017-02-08 13:00:48,"iPhone8,2",10.2,1.1
40.676700592,-73.9971618652,24.4120140076,2017-02-08 14:34:40,"iPhone8,2",10.2,1.1
40.6704521179,-73.988609314,29.5252017975,2017-02-08 14:41:04,"iPhone8,2",10.2,1.1
40.6704750061,-73.9885940552,23.5948410034,2017-02-08 14:49:36,"iPhone8,2",10.2,1.1
40.6641998291,-73.9915771484,30.7176799774,2017-02-08 15:00:16,"iPhone8,2",10.2,1.1
40.6644172668,-73.9913864136,28.451839447,2017-02-09 19:01:20,"iPhone8,2",10.2,1.1
40.6777610779,-73.994102478,31.6986560822,2017-02-10 12:43:44,"iPhone8,2",10.2,1.1
40.6838111877,-73.9952392578,24.7105770111,2017-02-10 12:50:08,"iPhone8,2",10.2,1.1
40.67628479,-73.9987945557,26.8361701965,2017-02-10 14:47:28,"iPhone8,2",10.2,1.1
40.6709709167,-73.9915084839,36.9300460815,2017-02-10 15:42:56,"iPhone8,2",10.2,1.1
40.6652259827,-73.9932174683,33,2017-02-10 15:49:20,"iPhone8,2",10.2,1.1
40.6642417908,-73.9915466309,31.2667770386,2017-02-10 20:20:16,"iPhone8,2",10.2,1.1
40.6603813171,-73.9979095459,19.0168552399,2017-02-10 20:58:40,"iPhone8,2",10.2,1.1
40.670375824,-73.98853302,23.6847171783,2017-02-10 21:02:56,"iPhone8,2",10.2,1.1
40.6728172302,-73.9942398071,20.3305530548,2017-02-10 21:09:20,"iPhone8,2",10.2,1.1
40.6864089966,-73.9905700684,26.6438026428,2017-02-10 21:13:36,"iPhone8,2",10.2,1.1
40.6911811829,-73.9600982666,26.6561717987,2017-02-10 21:22:08,"iPhone8,2",10.2,1.1
40.7138328552,-73.9516067505,3.27034378052,2017-02-10 21:28:32,"iPhone8,2",10.2,1.1
40.7144813538,-73.957824707,13.2805318832,2017-02-10 21:37:04,"iPhone8,2",10.2,1.1
40.7125778198,-73.9632568359,14,2017-02-10 21:47:44,"iPhone8,2",10.2,1.1
40.713722229,-73.9658813477,15.5233297348,2017-02-10 23:13:04,"iPhone8,2",10.2,1.1
40.715637207,-73.9600906372,16.2456436157,2017-02-11 00:51:12,"iPhone8,2",10.2,1.1
40.7195701599,-73.9558334351,13.055439949,2017-02-11 02:03:44,"iPhone8,2",10.2,1.1
40.7297935486,-73.9540863037,12.8542785645,2017-02-11 02:10:08,"iPhone8,2",10.2,1.1
40.7366333008,-73.9551849365,9.50433635712,2017-02-11 02:18:40,"iPhone8,2",10.2,1.1
40.7303733826,-73.9517822266,14,2017-02-11 02:25:04,"iPhone8,2",10.2,1.1
40.7263717651,-73.9492874146,9.35061645508,2017-02-11 04:11:44,"iPhone8,2",10.2,1.1
40.696231842,-73.9758605957,16.1252403259,2017-02-11 04:18:08,"iPhone8,2",10.2,1.1
40.6761245728,-74.0015029907,13.4555835724,2017-02-11 04:24:32,"iPhone8,2",10.2,1.1
40.6641464233,-73.9916534424,31.1543064117,2017-02-11 04:30:56,"iPhone8,2",10.2,1.1
40.6602287292,-73.9947052002,33,2017-02-11 15:02:24,"iPhone8,2",10.2,1.1
40.6440925598,-74.0006561279,30,2017-02-11 15:08:48,"iPhone8,2",10.2,1.1
40.6388092041,-74.0090179443,30,2017-02-11 15:51:28,"iPhone8,2",10.2,1.1
40.6390419006,-74.0154266357,30,2017-02-11 16:00:00,"iPhone8,2",10.2,1.1
40.6340751648,-74.0204086304,29.3748264313,2017-02-11 16:10:40,"iPhone8,2",10.2,1.1
40.6357192993,-74.0260772705,30,2017-02-11 19:12:00,"iPhone8,2",10.2,1.1
40.6308937073,-74.0279998779,30,2017-02-11 19:35:28,"iPhone8,2",10.2,1.1
40.6357727051,-74.0260314941,31.5862216949,2017-02-11 20:07:28,"iPhone8,2",10.2,1.1
40.6412658691,-74.0179443359,40.7926902771,2017-02-11 20:39:28,"iPhone8,2",10.2,1.1
40.6543388367,-74.0042190552,16.3472175598,2017-02-11 20:45:52,"iPhone8,2",10.2,1.1
40.6638412476,-73.9943771362,33,2017-02-11 20:52:16,"iPhone8,2",10.2,1.1
40.6642112732,-73.9915847778,31.768945694,2017-02-12 03:54:40,"iPhone8,2",10.2,1.1
40.6640968323,-73.9928741455,30.5632534027,2017-02-12 17:31:44,"iPhone8,2",10.2,1.1
40.6703834534,-73.9885253906,24.1656665802,2017-02-12 18:42:08,"iPhone8,2",10.2,1.1
40.6739006042,-73.9930419922,19.8846473694,2017-02-12 18:50:40,"iPhone8,2",10.2,1.1
40.6839599609,-73.9951858521,26.0187625885,2017-02-12 18:59:12,"iPhone8,2",10.2,1.1
40.6781921387,-73.9962081909,26.1452198029,2017-02-12 20:54:24,"iPhone8,2",10.2,1.1
40.6705055237,-73.9885253906,24.7893562317,2017-02-12 20:58:40,"iPhone8,2",10.2,1.1
40.6650428772,-73.9932174683,33,2017-02-12 21:05:04,"iPhone8,2",10.2,1.1
40.6703338623,-73.9885482788,24.5142936707,2017-02-13 12:41:36,"iPhone8,2",10.2,1.1
40.6755981445,-73.996963501,19.4586429596,2017-02-13 12:52:16,"iPhone8,2",10.2,1.1
40.6830062866,-73.9956130981,33,2017-02-13 12:58:40,"iPhone8,2",10.2,1.1
40.6778411865,-73.998008728,25.0108337402,2017-02-13 14:32:32,"iPhone8,2",10.2,1.1
40.6704978943,-73.98853302,24.964931488,2017-02-13 16:17:04,"iPhone8,2",10.2,1.1
40.6652145386,-73.9931564331,25.2630844116,2017-02-13 16:23:28,"iPhone8,2",10.2,1.1
40.6641693115,-73.99168396,32.2553977966,2017-02-13 16:49:04,"iPhone8,2",10.2,1.1
40.6605606079,-73.997756958,33.6917419434,2017-02-14 11:35:28,"iPhone8,2",10.2,1.1
40.6703224182,-73.9885559082,24.0571880341,2017-02-14 11:41:52,"iPhone8,2",10.2,1.1
40.6798057556,-73.995262146,24.9968070984,2017-02-14 11:50:24,"iPhone8,2",10.2,1.1
40.6741294861,-73.9924545288,29.9247436523,2017-02-14 14:43:12,"iPhone8,2",10.2,1.1
40.7304954529,-73.9926757812,18.0827903748,2017-02-14 14:51:44,"iPhone8,2",10.2,1.1
40.7544136047,-73.9869766235,18.3524246216,2017-02-14 14:58:08,"iPhone8,2",10.2,1.1
40.7530555725,-73.9813079834,26.5806407928,2017-02-14 18:27:12,"iPhone8,2",10.2,1.1
40.750125885,-73.9879455566,22.0159854889,2017-02-14 21:56:16,"iPhone8,2",10.2,1.1
40.7374954224,-73.9970932007,11.6773319244,2017-02-14 22:00:32,"iPhone8,2",10.2,1.1
40.7393875122,-74.0027542114,10,2017-02-14 22:09:04,"iPhone8,2",10.2,1.1
40.7381668091,-74.0039291382,10.6422052383,2017-02-14 22:17:36,"iPhone8,2",10.2,1.1
40.733089447,-74.0027923584,9.8336648941,2017-02-15 00:10:40,"iPhone8,2",10.2,1.1
40.7245292664,-74.001953125,10,2017-02-15 00:17:04,"iPhone8,2",10.2,1.1
40.7202033997,-73.9990921021,11.8419647217,2017-02-15 01:48:48,"iPhone8,2",10.2,1.1
40.7181396484,-73.9936981201,14,2017-02-15 01:57:20,"iPhone8,2",10.2,1.1
40.7026977539,-73.9879379272,14,2017-02-15 02:05:52,"iPhone8,2",10.2,1.1
40.6838684082,-73.9785461426,29.8937187195,2017-02-15 02:12:16,"iPhone8,2",10.2,1.1
40.670501709,-73.9885482788,25.0135574341,2017-02-15 02:22:56,"iPhone8,2",10.2,1.1
40.6641540527,-73.991607666,31.7257575989,2017-02-15 02:27:12,"iPhone8,2",10.2,1.1
40.6703300476,-73.9885559082,24.011762619,2017-02-15 11:41:52,"iPhone8,2",10.2,1.1
40.6807289124,-73.9945449829,24.6263561249,2017-02-15 11:58:56,"iPhone8,2",10.2,1.1
40.6733093262,-73.9954605103,24.3403625488,2017-02-15 13:26:24,"iPhone8,2",10.2,1.1
40.6663475037,-73.9919586182,33,2017-02-15 13:32:48,"iPhone8,2",10.2,1.1
40.6702690125,-73.988609314,25.3931102753,2017-02-15 16:25:36,"iPhone8,2",10.2,1.1
40.6836662292,-73.9787063599,28.863904953,2017-02-15 16:36:16,"iPhone8,2",10.2,1.1
40.7263412476,-73.9986877441,14,2017-02-15 16:59:44,"iPhone8,2",10.2,1.1
40.6642150879,-73.9915847778,30.5805969238,2017-02-16 01:10:24,"iPhone8,2",10.2,1.1
40.6686439514,-73.9901657104,33,2017-02-16 15:17:20,"iPhone8,2",10.2,1.1
40.6763191223,-73.9988250732,22.5555362701,2017-02-16 15:36:32,"iPhone8,2",10.2,1.1
40.6814880371,-73.9962539673,30.9863033295,2017-02-16 16:46:56,"iPhone8,2",10.2,1.1
40.6862258911,-73.9940643311,25.6110591888,2017-02-16 18:12:16,"iPhone8,2",10.2,1.1
40.6885719299,-73.9889678955,32.8237190247,2017-02-16 18:48:32,"iPhone8,2",10.2,1.1
40.6844711304,-73.9785385132,39.5679969788,2017-02-16 18:54:56,"iPhone8,2",10.2,1.1
40.678314209,-73.9791870117,30.4508800507,2017-02-16 19:01:20,"iPhone8,2",10.2,1.1
40.6712799072,-73.9845428467,33,2017-02-16 19:07:44,"iPhone8,2",10.2,1.1
40.6665039062,-73.9885940552,33,2017-02-16 19:14:08,"iPhone8,2",10.2,1.1
40.6642837524,-73.9915847778,29.7819404602,2017-02-17 03:14:08,"iPhone8,2",10.2,1.1
40.6704139709,-73.9885025024,24.1358661652,2017-02-17 16:32:00,"iPhone8,2",10.2,1.1
40.7422828674,-73.9944610596,17.8718490601,2017-02-17 17:12:32,"iPhone8,2",10.2,1.1
40.7380027771,-73.9922790527,14.663608551,2017-02-17 18:52:48,"iPhone8,2",10.2,1.1
40.7337265015,-73.9952850342,15.4867143631,2017-02-17 18:59:12,"iPhone8,2",10.2,1.1
40.7274169922,-73.9952774048,14,2017-02-17 19:05:36,"iPhone8,2",10.2,1.1
40.7188186646,-74.0024337769,10,2017-02-17 19:09:52,"iPhone8,2",10.2,1.1
40.7126579285,-74.0078125,10,2017-02-17 19:16:16,"iPhone8,2",10.2,1.1
40.7078895569,-74.0128707886,8.09545898438,2017-02-17 19:50:24,"iPhone8,2",10.2,1.1
40.6938705444,-73.9911727905,45.7248382568,2017-02-17 19:56:48,"iPhone8,2",10.2,1.1
40.6838989258,-73.9785461426,29.0306415558,2017-02-17 20:03:12,"iPhone8,2",10.2,1.1
40.6651115417,-73.9931716919,26.4803981781,2017-02-17 20:09:36,"iPhone8,2",10.2,1.1
40.6641769409,-73.9916687012,31.0746860504,2017-02-18 19:29:04,"iPhone8,2",10.2,1.1
40.6810340881,-73.9687194824,33,2017-02-18 19:58:56,"iPhone8,2",10.2,1.1
40.6820449829,-73.9604568481,33,2017-02-18 20:22:24,"iPhone8,2",10.2,1.1
40.6829223633,-73.9677429199,33,2017-02-18 21:39:12,"iPhone8,2",10.2,1.1
40.6777496338,-73.9688415527,33,2017-02-18 21:49:52,"iPhone8,2",10.2,1.1
40.6757850647,-73.9634399414,39.5646324158,2017-02-18 23:51:28,"iPhone8,2",10.2,1.1
40.6729774475,-73.9696884155,34.0566291809,2017-02-19 00:59:44,"iPhone8,2",10.2,1.1
40.6727142334,-73.9767456055,33.3935127258,2017-02-19 01:14:40,"iPhone8,2",10.2,1.1
40.6722793579,-73.9837112427,28.9290733337,2017-02-19 01:31:44,"iPhone8,2",10.2,1.1
40.6680107117,-73.9872741699,33,2017-02-19 01:40:16,"iPhone8,2",10.2,1.1
40.664276123,-73.9915924072,30.0252552032,2017-02-19 01:53:04,"iPhone8,2",10.2,1.1
40.6726264954,-74.0002746582,32.0198478699,2017-02-19 16:19:12,"iPhone8,2",10.2,1.1
40.682182312,-73.9951934814,27.4713344574,2017-02-19 16:23:28,"iPhone8,2",10.2,1.1
40.6842269897,-73.9950485229,29.5180473328,2017-02-19 16:34:08,"iPhone8,2",10.2,1.1
40.6890716553,-73.9899978638,28.6321697235,2017-02-19 18:16:32,"iPhone8,2",10.2,1.1
40.6861839294,-73.9828948975,22.1376190186,2017-02-19 18:27:12,"iPhone8,2",10.2,1.1
40.6843605042,-73.9769439697,33,2017-02-19 18:35:44,"iPhone8,2",10.2,1.1
40.6799163818,-73.9780731201,26.4956436157,2017-02-19 18:57:04,"iPhone8,2",10.2,1.1
40.6713294983,-73.9845428467,25.6126041412,2017-02-19 19:05:36,"iPhone8,2",10.2,1.1
40.6673240662,-73.9878768921,32.7579116821,2017-02-19 19:09:52,"iPhone8,2",10.2,1.1
40.6698150635,-73.9892044067,30.6537246704,2017-02-20 11:39:44,"iPhone8,2",10.2,1.1
40.6728057861,-73.9959411621,27.0592498779,2017-02-20 11:46:08,"iPhone8,2",10.2,1.1
40.6840400696,-73.9950790405,27.2390537262,2017-02-20 11:56:48,"iPhone8,2",10.2,1.1
40.6883125305,-73.9894485474,33,2017-02-20 13:28:32,"iPhone8,2",10.2,1.1
40.6957817078,-73.9660263062,23.9747200012,2017-02-20 13:34:56,"iPhone8,2",10.2,1.1
40.7402763367,-73.8996124268,16.1083641052,2017-02-20 13:41:20,"iPhone8,2",10.2,1.1
40.7490386963,-73.8910522461,23,2017-02-20 13:49:52,"iPhone8,2",10.2,1.1
40.7496452332,-73.8851089478,23,2017-02-20 13:58:24,"iPhone8,2",10.2,1.1
40.745803833,-73.8884735107,23.0057945251,2017-02-20 15:15:12,"iPhone8,2",10.2,1.1
40.7461853027,-73.899887085,21.8931617737,2017-02-20 15:38:40,"iPhone8,2",10.2,1.1
40.7411651611,-73.8995513916,19.7686862946,2017-02-20 15:57:52,"iPhone8,2",10.2,1.1
40.7236061096,-73.9376373291,16.7905502319,2017-02-20 16:04:16,"iPhone8,2",10.2,1.1
40.7005653381,-73.9865341187,24.6923828125,2017-02-20 16:08:32,"iPhone8,2",10.2,1.1
40.6758422852,-74.0009307861,14.2469739914,2017-02-20 16:14:56,"iPhone8,2",10.2,1.1
40.6682243347,-73.9963302612,9.43170547485,2017-02-20 16:19:12,"iPhone8,2",10.2,1.1
40.6642456055,-73.9916305542,30.2715301514,2017-02-20 16:25:36,"iPhone8,2",10.2,1.1
40.6698188782,-73.9890518188,33,2017-02-21 12:48:00,"iPhone8,2",10.2,1.1
40.6806182861,-73.9945678711,25.0949516296,2017-02-21 12:56:32,"iPhone8,2",10.2,1.1
40.7243270874,-73.9942550659,24.9931526184,2017-02-21 14:56:00,"iPhone8,2",10.2,1.1
40.7543029785,-73.9843063354,10.4654550552,2017-02-21 15:06:40,"iPhone8,2",10.2,1.1
40.7330780029,-74,7.65229797363,2017-02-21 21:22:08,"iPhone8,2",10.2,1.1
40.7143135071,-73.9943618774,7.90919780731,2017-02-21 21:26:24,"iPhone8,2",10.2,1.1
40.683971405,-73.9786071777,30.8941516876,2017-02-21 21:37:04,"iPhone8,2",10.2,1.1
40.6771278381,-73.9832687378,20.4551925659,2017-02-21 21:43:28,"iPhone8,2",10.2,1.1
40.6652450562,-73.9929504395,33,2017-02-21 21:49:52,"iPhone8,2",10.2,1.1
40.6693534851,-73.9864654541,31.0643234253,2017-02-22 21:45:36,"iPhone8,2",10.2,1.1
40.6692047119,-73.9898605347,32.4160804749,2017-02-22 21:58:24,"iPhone8,2",10.2,1.1
40.6641654968,-73.9916305542,30.2785320282,2017-02-23 00:12:48,"iPhone8,2",10.2,1.1
40.6701545715,-73.9974746704,20.4286231995,2017-02-23 09:44:32,"iPhone8,2",10.2,1.1
40.6888427734,-73.9990997314,16.9154109955,2017-02-23 09:48:48,"iPhone8,2",10.2,1.1
40.7608757019,-73.8979873657,13.2756977081,2017-02-23 09:59:28,"iPhone8,2",10.2,1.1
40.7710876465,-73.8742218018,10.0690698624,2017-02-23 10:03:44,"iPhone8,2",10.2,1.1
40.7705612183,-73.8651123047,17.1437568665,2017-02-23 10:12:16,"iPhone8,2",10.2,1.1
40.7770843506,-73.8473815918,12.8220415115,2017-02-23 11:05:36,"iPhone8,2",10.2,1.1
42.3630180359,-71.0160446167,16.7966747284,2017-02-23 11:50:24,"iPhone8,2",10.2,1.1
42.3508605957,-71.0391998291,7.82825994492,2017-02-23 12:09:36,"iPhone8,2",10.2,1.1
42.3686676025,-71.0648040771,7.82825994492,2017-02-23 12:13:52,"iPhone8,2",10.2,1.1
42.3604240417,-71.0865707397,8.72544002533,2017-02-23 12:20:16,"iPhone8,2",10.2,1.1
42.3490409851,-71.0669021606,8.7830619812,2017-02-23 21:24:16,"iPhone8,2",10.2,1.1
42.3487930298,-71.0461959839,7.60006332397,2017-02-23 21:32:48,"iPhone8,2",10.2,1.1
42.352481842,-71.0553283691,8.87232875824,2017-02-23 21:37:04,"iPhone8,2",10.2,1.1
42.3482170105,-71.0416641235,8.98357200623,2017-02-23 21:47:44,"iPhone8,2",10.2,1.1
42.3715133667,-71.0233306885,5.14932632446,2017-02-23 22:06:56,"iPhone8,2",10.2,1.1
42.3621559143,-71.0189285278,8.14085292816,2017-02-23 22:13:20,"iPhone8,2",10.2,1.1
42.3666152954,-71.0174179077,8.01652812958,2017-02-23 22:17:36,"iPhone8,2",10.2,1.1
42.3710174561,-71.0072174072,8.43453884125,2017-02-24 00:38:24,"iPhone8,2",10.2,1.1
40.6615371704,-73.8334732056,-2.564453125,2017-02-24 01:29:36,"iPhone8,2",10.2,1.1
40.6923866272,-73.9872055054,58.3721809387,2017-02-24 01:46:40,"iPhone8,2",10.2,1.1
40.6838798523,-73.9786071777,28.5125637054,2017-02-24 01:59:28,"iPhone8,2",10.2,1.1
40.6671409607,-73.9915466309,24.4986038208,2017-02-24 02:05:52,"iPhone8,2",10.2,1.1
40.6765327454,-73.9987716675,30.9250907898,2017-02-24 14:11:12,"iPhone8,2",10.2,1.1
40.6839904785,-73.9952087402,25.7551078796,2017-02-24 14:21:52,"iPhone8,2",10.2,1.1
40.6795196533,-73.9972763062,28.9386806488,2017-02-24 16:00:00,"iPhone8,2",10.2,1.1
40.6867637634,-73.990524292,33,2017-02-24 16:38:24,"iPhone8,2",10.2,1.1
40.6797523499,-73.9953308105,23.9473705292,2017-02-24 16:49:04,"iPhone8,2",10.2,1.1
40.6656494141,-73.9924621582,30.1870670319,2017-02-24 17:01:52,"iPhone8,2",10.2,1.1
40.6738204956,-73.9987716675,17.7707672119,2017-02-25 14:02:40,"iPhone8,2",10.2,1.1
40.684173584,-73.9950408936,27.0036048889,2017-02-25 14:09:04,"iPhone8,2",10.2,1.1
40.6869125366,-73.9903411865,26.2343444824,2017-02-25 15:42:56,"iPhone8,2",10.2,1.1
40.6852111816,-73.9848480225,21.0130615234,2017-02-25 15:49:20,"iPhone8,2",10.2,1.1
40.6819381714,-73.9781570435,33,2017-02-25 15:57:52,"iPhone8,2",10.2,1.1
40.6776237488,-73.9831771851,27.1108722687,2017-02-25 16:29:52,"iPhone8,2",10.2,1.1
40.6713409424,-73.9879302979,24.5963993073,2017-02-25 16:42:40,"iPhone8,2",10.2,1.1
40.6670341492,-73.9915618896,23.5191917419,2017-02-25 16:51:12,"iPhone8,2",10.2,1.1
40.6567497253,-74.0053939819,23.5438632965,2017-02-25 20:13:52,"iPhone8,2",10.2,1.1
40.657207489,-74.008140564,16,2017-02-25 20:45:52,"iPhone8,2",10.2,1.1
40.6683006287,-73.9981994629,16,2017-02-25 20:54:24,"iPhone8,2",10.2,1.1
40.6570014954,-74.0085296631,11.7549591064,2017-02-25 20:58:40,"iPhone8,2",10.2,1.1
40.6535186768,-74.0044708252,15.9497861862,2017-02-25 21:13:36,"iPhone8,2",10.2,1.1
40.6603927612,-73.9978866577,17.5465965271,2017-02-25 22:13:20,"iPhone8,2",10.2,1.1
40.6700668335,-73.9890289307,23.7405548096,2017-02-25 22:17:36,"iPhone8,2",10.2,1.1
40.6728858948,-73.9940338135,29.2262840271,2017-02-25 22:24:00,"iPhone8,2",10.2,1.1
40.6806716919,-73.9946289062,24.5809230804,2017-02-25 22:28:16,"iPhone8,2",10.2,1.1
40.6768035889,-73.9985961914,24.1243267059,2017-02-26 00:02:08,"iPhone8,2",10.2,1.1
40.6651535034,-73.9935150146,25.5985965729,2017-02-26 00:06:24,"iPhone8,2",10.2,1.1
40.6642799377,-73.9915313721,30.357006073,2017-02-26 02:29:20,"iPhone8,2",10.2,1.1